tanggal,tahun,bulan,h2_ppb,ch4_ppb,co2_ppm,co_ppb
2009-09-01,2009,9,548.11,1793.18,380.34,123.41
2009-10-01,2009,10,552.37,1798.42,381.95,129.14
2009-11-01,2009,11,552.61,1820.69,382.76,140.58
2009-12-01,2009,12,545.75,1843.53,382.94,137.45
2010-01-01,2010,1,543.7,1863.49,384.25,146.32
2010-02-01,2010,2,547.99,1869.29,384.77,154.91
2010-03-01,2010,3,551.89,1845.52,384.98,136.29
2010-04-01,2010,4,551.22,1821.56,384.99,118.01
2010-05-01,2010,5,546.01,1815.6,381.93,111.32
2010-06-01,2010,6,540.06,1809.11,380.65,94.64
2010-07-01,2010,7,538.95,1806.61,384.15,92.71
2010-08-01,2010,8,540.14,1811.49,384.81,108.93
2010-09-01,2010,9,543.7,1809.68,382.67,110.94
2010-10-01,2010,10,548.73,1797.92,382.3,102.78
2010-11-01,2010,11,549.14,1809.89,383.58,99.57
2010-12-01,2010,12,545.96,1836.7,384.65,104.32
2011-01-01,2011,1,547.16,1850.56,386.43,141.56
2011-02-01,2011,2,552.54,1856.11,385.58,185.39
2013-02-01,2013,2,555.39,1879.35,395.21,148.97
2013-03-01,2013,3,564.14,1874.83,394.17,158.0
2013-05-01,2013,5,553.8,1804.68,392.83,92.1
2013-06-01,2013,6,558.9,1798.18,395.33,77.47
2013-07-01,2013,7,571.64,1814.05,402.78,96.2
2013-08-01,2013,8,569.73,1824.59,402.98,112.86
2013-09-01,2013,9,559.01,1815.42,394.58,110.35
2013-10-01,2013,10,553.76,1839.89,391.78,109.21
2013-11-01,2013,11,551.43,1872.63,393.25,110.71
2013-12-01,2013,12,549.58,1864.37,392.54,119.32
2014-01-01,2014,1,555.88,1886.82,394.3,154.12
2014-02-01,2014,2,562.08,1902.18,399.95,170.8
2014-05-01,2014,5,553.69,1837.89,395.84,107.58
2014-06-01,2014,6,549.07,1833.36,395.6,98.46
2014-07-01,2014,7,548.34,1818.55,393.72,93.58
2014-08-01,2014,8,550.78,1825.63,392.53,102.35
2014-09-01,2014,9,555.51,1848.76,393.65,122.16
2014-10-01,2014,10,558.47,1871.03,395.16,149.12
2014-11-01,2014,11,551.87,1879.5,392.75,141.92
2015-01-01,2015,1,553.53,1901.57,397.85,170.17
2015-02-01,2015,2,560.68,1907.35,398.8,196.64
2015-03-01,2015,3,560.6,1886.17,398.34,167.68
2015-04-01,2015,4,557.51,1869.74,397.15,131.66
2015-05-01,2015,5,552.41,1869.35,395.82,118.01
2015-06-01,2015,6,546.76,1856.62,395.37,102.75
2015-07-01,2015,7,548.73,1843.26,394.97,126.46
2015-08-01,2015,8,558.47,1866.78,394.81,207.25
2015-11-01,2015,11,570.1,1870.46,399.72,175.22
2015-12-01,2015,12,555.91,1879.09,397.89,129.68
2016-01-01,2016,1,555.29,1914.93,402.47,149.73
2016-02-01,2016,2,560.38,1917.11,402.0,176.69
2016-03-01,2016,3,564.35,1885.13,399.78,166.47
2016-04-01,2016,4,565.96,1877.5,401.84,147.85
2016-05-01,2016,5,559.44,1870.23,402.32,127.7
2016-06-01,2016,6,552.85,1842.8,399.06,96.18
2016-07-01,2016,7,554.16,1834.71,397.39,86.95
2016-08-01,2016,8,555.67,1840.61,396.42,91.4
2016-09-01,2016,9,554.8,1835.84,396.26,84.93
2016-10-01,2016,10,556.67,1836.63,397.52,83.31
2016-11-01,2016,11,560.0,1854.16,399.56,92.32
2016-12-01,2016,12,559.49,1885.03,398.63,104.01
2017-01-01,2017,1,555.3,1900.79,396.98,117.09
2017-02-01,2017,2,554.58,1890.13,400.54,126.28
2017-03-01,2017,3,558.71,1880.12,402.47,122.21
2017-04-01,2017,4,559.68,1865.37,400.62,109.47
2017-05-01,2017,5,553.95,1845.79,398.9,96.37
2017-06-01,2017,6,550.26,1849.82,398.94,89.92
2017-07-01,2017,7,550.37,1866.33,398.61,96.91
2017-08-01,2017,8,549.3,1864.25,394.47,107.77
2017-09-01,2017,9,551.43,1852.09,394.17,105.19
2017-10-01,2017,10,557.61,1848.04,396.38,97.46
2017-11-01,2017,11,557.27,1874.12,399.15,96.98
2017-12-01,2017,12,555.13,1903.2,402.0,115.19
2018-01-01,2018,1,561.79,1920.84,402.39,152.04
2018-02-01,2018,2,567.03,1931.35,403.16,161.39
2018-03-01,2018,3,564.16,1910.14,402.4,135.85
2018-04-01,2018,4,562.09,1895.82,400.95,121.62
2018-05-01,2018,5,559.46,1890.63,401.93,117.56
2018-06-01,2018,6,552.55,1857.4,401.58,90.11
2018-07-01,2018,7,549.82,1843.92,401.17,71.54
2018-08-01,2018,8,555.43,1853.45,402.49,103.43
2018-09-01,2018,9,562.93,1882.01,402.78,156.18
2018-10-01,2018,10,565.06,1900.08,403.55,157.91
2018-11-01,2018,11,560.04,1904.24,403.23,117.21
2018-12-01,2018,12,555.66,1912.11,402.94,100.84
2019-01-01,2019,1,555.82,1912.33,405.56,123.08
2019-02-01,2019,2,563.45,1911.8,407.23,142.48
2019-03-01,2019,3,571.91,1902.56,407.09,137.79
2019-04-01,2019,4,569.6,1895.07,406.04,133.22
2019-05-01,2019,5,558.58,1898.94,407.5,133.45
2019-06-01,2019,6,553.38,1888.63,407.91,121.31
2019-07-01,2019,7,554.68,1878.74,405.11,117.89
2019-08-01,2019,8,562.47,1886.37,403.41,141.39
2019-09-01,2019,9,575.71,1897.75,405.4,158.7
2019-10-01,2019,10,580.98,1894.68,407.14,149.78
2019-11-01,2019,11,565.0,1904.03,407.01,132.2
2019-12-01,2019,12,551.14,1939.32,410.32,137.89
2020-01-01,2020,1,558.19,1964.27,413.82,165.75
2020-02-01,2020,2,567.91,1951.36,412.18,169.8
2020-03-01,2020,3,568.49,1916.52,408.03,141.75
2020-04-01,2020,4,564.85,1892.09,407.51,116.19
2020-05-01,2020,5,560.97,1880.26,409.4,105.83
2020-06-01,2020,6,557.41,1890.87,407.98,100.01
2020-07-01,2020,7,557.15,1899.28,406.08,107.4
2020-08-01,2020,8,558.11,1885.4,404.99,119.17
2020-09-01,2020,9,560.78,1879.25,405.85,114.41
2020-10-01,2020,10,565.42,1891.03,406.29,107.78
2020-11-01,2020,11,564.93,1920.52,406.14,109.84
2020-12-01,2020,12,559.37,1943.47,409.91,125.71
2021-01-01,2021,1,560.56,1964.34,411.56,160.93
2021-02-01,2021,2,568.21,1966.88,413.08,177.27
2021-03-01,2021,3,572.88,1937.87,413.51,152.2
2021-04-01,2021,4,569.77,1916.14,410.32,125.3
2021-05-01,2021,5,563.2,1920.11,408.17,111.87
2021-06-01,2021,6,557.73,1898.82,407.39,91.76
2021-07-01,2021,7,555.7,1886.69,408.71,88.9
2021-08-01,2021,8,556.02,1898.67,407.62,99.34
2021-09-01,2021,9,562.18,1897.86,406.33,97.82
2021-10-01,2021,10,569.13,1904.62,408.47,95.69
2021-11-01,2021,11,567.71,1917.92,410.23,103.12
2021-12-01,2021,12,562.34,1946.91,413.61,117.54
2022-01-01,2022,1,562.77,1974.69,414.0,136.86
2022-02-01,2022,2,567.28,1963.95,411.33,142.89
2022-03-01,2022,3,575.05,1937.6,411.84,129.76
2022-04-01,2022,4,578.38,1925.96,414.83,117.9
2022-05-01,2022,5,568.35,1921.3,414.14,107.34
2022-06-01,2022,6,558.43,1905.68,411.51,86.66
2022-07-01,2022,7,558.45,1902.9,410.31,81.51
2022-08-01,2022,8,558.9,1905.85,408.52,90.79
2022-09-01,2022,9,559.6,1903.75,410.01,88.36
2022-10-01,2022,10,566.14,1920.03,410.5,89.94
2022-11-01,2022,11,571.34,1946.62,410.21,105.47
2022-12-01,2022,12,565.86,1978.53,413.31,116.39
2023-01-01,2023,1,558.32,1985.6,414.17,128.17
2023-02-01,2023,2,561.31,1989.11,418.22,149.14
2023-03-01,2023,3,570.28,1995.84,422.46,159.92
2023-07-01,2023,7,559.7,1937.93,413.21,101.1
2023-08-01,2023,8,567.24,1953.04,412.42,142.65
2023-09-01,2023,9,581.59,1958.2,413.4,193.99
2023-10-01,2023,10,591.15,1954.02,417.93,205.45
2023-11-01,2023,11,585.17,1944.39,418.22,168.12
2023-12-01,2023,12,571.27,1968.33,415.69,130.16
2024-01-01,2024,1,562.26,2008.03,419.74,133.33
2024-02-01,2024,2,565.5,1994.61,422.15,139.89
2024-03-01,2024,3,574.15,1975.78,420.75,133.97
2024-04-01,2024,4,577.66,1978.91,421.22,132.06
2024-05-01,2024,5,571.59,1962.31,418.71,120.26
2024-06-01,2024,6,569.13,1955.47,415.65,103.73
2024-07-01,2024,7,572.69,1952.4,418.67,116.9
2024-08-01,2024,8,572.11,1936.52,421.12,129.07
2024-09-01,2024,9,572.48,1931.4,420.13,117.21
2024-10-01,2024,10,580.64,1933.61,420.46,108.37
2024-11-01,2024,11,584.17,1948.38,420.4,107.2
2024-12-01,2024,12,577.98,1975.55,421.01,114.19
