tanggal,tahun,bulan,h2_ppb,ch4_ppb,co2_ppm,co_ppb,delta_h2,target_h2_delta,delta_co,delta_ch4,delta_co2,rasio_h2_co,h2_lag1,h2_lag2,sin_bulan,cos_bulan
2009-11-01,2009,11,552.61,1820.69,382.76,140.58,0.2400000000000091,0.2400000000000091,11.440000000000026,22.269999999999982,0.8100000000000023,0.020979020979021726,552.37,548.11,-0.5000000000000004,0.8660254037844384
2009-12-01,2009,12,545.75,1843.53,382.94,137.45,-6.860000000000014,-6.860000000000014,-3.130000000000024,22.839999999999918,0.18000000000000682,2.191693290734812,552.61,552.37,-2.4492935982947064e-16,1.0
2010-01-01,2010,1,543.7,1863.49,384.25,146.32,-2.0499999999999545,-2.0499999999999545,8.870000000000005,19.960000000000036,1.3100000000000023,-0.23111612175873208,545.75,552.61,0.49999999999999994,0.8660254037844387
2010-02-01,2010,2,547.99,1869.29,384.77,154.91,4.289999999999964,4.289999999999964,8.590000000000003,5.7999999999999545,0.5199999999999818,0.4994179278230456,543.7,545.75,0.8660254037844386,0.5000000000000001
2010-03-01,2010,3,551.89,1845.52,384.98,136.29,3.8999999999999773,3.8999999999999773,-18.620000000000005,-23.769999999999982,0.21000000000003638,-0.20945220193340366,547.99,543.7,1.0,6.123233995736766e-17
2010-04-01,2010,4,551.22,1821.56,384.99,118.01,-0.6699999999999591,-0.6699999999999591,-18.279999999999987,-23.960000000000036,0.009999999999990905,0.036652078774614856,551.89,547.99,0.8660254037844387,-0.4999999999999998
2010-05-01,2010,5,546.01,1815.6,381.93,111.32,-5.210000000000036,-5.210000000000036,-6.690000000000012,-5.960000000000036,-3.0600000000000023,0.7787742899850564,551.22,551.89,0.49999999999999994,-0.8660254037844387
2010-06-01,2010,6,540.06,1809.11,380.65,94.64,-5.9500000000000455,-5.9500000000000455,-16.679999999999993,-6.490000000000009,-1.2800000000000296,0.356714628297365,546.01,551.22,1.2246467991473532e-16,-1.0
2010-07-01,2010,7,538.95,1806.61,384.15,92.71,-1.1099999999999,-1.1099999999999,-1.9300000000000068,-2.5,3.5,0.5751295336787026,540.06,546.01,-0.4999999999999997,-0.8660254037844388
2010-08-01,2010,8,540.14,1811.49,384.81,108.93,1.1899999999999409,1.1899999999999409,16.220000000000013,4.880000000000109,0.660000000000025,0.07336621454993464,538.95,540.06,-0.8660254037844385,-0.5000000000000004
2010-09-01,2010,9,543.7,1809.68,382.67,110.94,3.560000000000059,3.560000000000059,2.009999999999991,-1.8099999999999454,-2.1399999999999864,1.7711442786070026,540.14,538.95,-1.0,-1.8369701987210297e-16
2010-10-01,2010,10,548.73,1797.92,382.3,102.78,5.029999999999973,5.029999999999973,-8.159999999999997,-11.759999999999991,-0.37000000000000455,-0.6164215686274479,543.7,540.14,-0.8660254037844386,0.5000000000000001
2010-11-01,2010,11,549.14,1809.89,383.58,99.57,0.40999999999996817,0.40999999999996817,-3.210000000000008,11.970000000000027,1.2799999999999727,-0.1277258566978091,548.73,543.7,-0.5000000000000004,0.8660254037844384
2010-12-01,2010,12,545.96,1836.7,384.65,104.32,-3.17999999999995,-3.17999999999995,4.75,26.809999999999945,1.0699999999999932,-0.6694736842105158,549.14,548.73,-2.4492935982947064e-16,1.0
2011-01-01,2011,1,547.16,1850.56,386.43,141.56,1.1999999999999318,1.1999999999999318,37.24000000000001,13.8599999999999,1.7800000000000296,0.03222341568206046,545.96,549.14,0.49999999999999994,0.8660254037844387
2011-02-01,2011,2,552.54,1856.11,385.58,185.39,5.3799999999999955,5.3799999999999955,43.829999999999984,5.5499999999999545,-0.8500000000000227,0.12274697695642248,547.16,545.96,0.8660254037844386,0.5000000000000001
2011-03-01,2011,3,552.6587499999999,1857.0783333333331,385.98125,183.87249999999997,0.11874999999997726,0.11874999999997726,-1.5175000000000125,0.9683333333332484,0.40125000000000455,-0.07825370675451485,552.54,547.16,1.0,6.123233995736766e-17
2011-04-01,2011,4,552.7774999999999,1858.0466666666666,386.3825,182.355,0.11874999999997726,0.11874999999997726,-1.517499999999984,0.9683333333334758,0.40125000000000455,-0.07825370675451632,552.6587499999999,552.54,0.8660254037844387,-0.4999999999999998
2011-05-01,2011,5,552.89625,1859.0149999999999,386.78375,180.83749999999998,0.11875000000009095,0.11875000000009095,-1.5175000000000125,0.9683333333332484,0.40125000000000455,-0.07825370675458977,552.7774999999999,552.6587499999999,0.49999999999999994,-0.8660254037844387
2011-06-01,2011,6,553.015,1859.9833333333331,387.185,179.32,0.11874999999997726,0.11874999999997726,-1.517499999999984,0.9683333333332484,0.40125000000000455,-0.07825370675451632,552.89625,552.7774999999999,1.2246467991473532e-16,-1.0
2011-07-01,2011,7,553.13375,1860.9516666666666,387.58625,177.80249999999998,0.11874999999997726,0.11874999999997726,-1.5175000000000125,0.9683333333334758,0.40125000000000455,-0.07825370675451485,553.015,552.89625,-0.4999999999999997,-0.8660254037844388
2011-08-01,2011,8,553.2524999999999,1861.9199999999998,387.98749999999995,176.285,0.11874999999997726,0.11874999999997726,-1.517499999999984,0.9683333333332484,0.4012499999999477,-0.07825370675451632,553.13375,553.015,-0.8660254037844385,-0.5000000000000004
2011-09-01,2011,9,553.3712499999999,1862.8883333333333,388.38874999999996,174.76749999999998,0.11874999999997726,0.11874999999997726,-1.5175000000000125,0.9683333333334758,0.40125000000000455,-0.07825370675451485,553.2524999999999,553.13375,-1.0,-1.8369701987210297e-16
2011-10-01,2011,10,553.49,1863.8566666666666,388.78999999999996,173.25,0.11875000000009095,0.11875000000009095,-1.517499999999984,0.9683333333332484,0.40125000000000455,-0.07825370675459123,553.3712499999999,553.2524999999999,-0.8660254037844386,0.5000000000000001
2011-11-01,2011,11,553.60875,1864.8249999999998,389.19124999999997,171.7325,0.11874999999997726,0.11874999999997726,-1.5175000000000125,0.9683333333332484,0.40125000000000455,-0.07825370675451485,553.49,553.3712499999999,-0.5000000000000004,0.8660254037844384
2011-12-01,2011,12,553.7275,1865.7933333333333,389.5925,170.215,0.11874999999997726,0.11874999999997726,-1.517499999999984,0.9683333333334758,0.40125000000000455,-0.07825370675451632,553.60875,553.49,-2.4492935982947064e-16,1.0
2012-01-01,2012,1,553.8462499999999,1866.7616666666665,389.99375,168.6975,0.11874999999997726,0.11874999999997726,-1.5175000000000125,0.9683333333332484,0.40125000000000455,-0.07825370675451485,553.7275,553.60875,0.49999999999999994,0.8660254037844387
2012-02-01,2012,2,553.9649999999999,1867.73,390.395,167.18,0.11874999999997726,0.11874999999997726,-1.517499999999984,0.9683333333334758,0.40125000000000455,-0.07825370675451632,553.8462499999999,553.7275,0.8660254037844386,0.5000000000000001
2012-03-01,2012,3,554.08375,1868.6983333333333,390.79625,165.6625,0.11875000000009095,0.11875000000009095,-1.5175000000000125,0.9683333333332484,0.40125000000000455,-0.07825370675458977,553.9649999999999,553.8462499999999,1.0,6.123233995736766e-17
2012-04-01,2012,4,554.2025,1869.6666666666665,391.1975,164.14499999999998,0.11874999999997726,0.11874999999997726,-1.5175000000000125,0.9683333333332484,0.40125000000000455,-0.07825370675451485,554.08375,553.9649999999999,0.8660254037844387,-0.4999999999999998
2012-05-01,2012,5,554.32125,1870.635,391.59875,162.6275,0.11874999999997726,0.11874999999997726,-1.517499999999984,0.9683333333334758,0.40125000000000455,-0.07825370675451632,554.2025,554.08375,0.49999999999999994,-0.8660254037844387
2012-06-01,2012,6,554.4399999999999,1871.6033333333332,392.0,161.10999999999999,0.11874999999997726,0.11874999999997726,-1.5175000000000125,0.9683333333332484,0.40125000000000455,-0.07825370675451485,554.32125,554.2025,1.2246467991473532e-16,-1.0
2012-07-01,2012,7,554.55875,1872.5716666666665,392.40125,159.5925,0.11875000000009095,0.11875000000009095,-1.517499999999984,0.9683333333332484,0.40125000000000455,-0.07825370675459123,554.4399999999999,554.32125,-0.4999999999999997,-0.8660254037844388
2012-08-01,2012,8,554.6775,1873.54,392.8025,158.075,0.11874999999997726,0.11874999999997726,-1.5175000000000125,0.9683333333334758,0.40125000000000455,-0.07825370675451485,554.55875,554.4399999999999,-0.8660254037844385,-0.5000000000000004
2012-09-01,2012,9,554.79625,1874.5083333333332,393.20374999999996,156.5575,0.11874999999997726,0.11874999999997726,-1.517499999999984,0.9683333333332484,0.4012499999999477,-0.07825370675451632,554.6775,554.55875,-1.0,-1.8369701987210297e-16
2012-10-01,2012,10,554.915,1875.4766666666665,393.60499999999996,155.04,0.11874999999997726,0.11874999999997726,-1.5175000000000125,0.9683333333332484,0.40125000000000455,-0.07825370675451485,554.79625,554.6775,-0.8660254037844386,0.5000000000000001
2012-11-01,2012,11,555.0337499999999,1876.445,394.00624999999997,153.5225,0.11874999999997726,0.11874999999997726,-1.517499999999984,0.9683333333334758,0.40125000000000455,-0.07825370675451632,554.915,554.79625,-0.5000000000000004,0.8660254037844384
2012-12-01,2012,12,555.1525,1877.4133333333332,394.40749999999997,152.005,0.11875000000009095,0.11875000000009095,-1.5175000000000125,0.9683333333332484,0.40125000000000455,-0.07825370675458977,555.0337499999999,554.915,-2.4492935982947064e-16,1.0
2013-01-01,2013,1,555.27125,1878.3816666666667,394.80875,150.4875,0.11874999999997726,0.11874999999997726,-1.517499999999984,0.9683333333334758,0.40125000000000455,-0.07825370675451632,555.1525,555.0337499999999,0.49999999999999994,0.8660254037844387
2013-02-01,2013,2,555.39,1879.35,395.21,148.97,0.11874999999997726,0.11874999999997726,-1.5175000000000125,0.9683333333332484,0.40125000000000455,-0.07825370675451485,555.27125,555.1525,0.8660254037844386,0.5000000000000001
2013-03-01,2013,3,564.14,1874.83,394.17,158.0,8.75,8.75,9.030000000000001,-4.519999999999982,-1.0399999999999636,0.9689922480620153,555.39,555.27125,1.0,6.123233995736766e-17
2013-04-01,2013,4,558.97,1839.755,393.5,125.05,-5.169999999999959,-5.169999999999959,-32.95,-35.07499999999982,-0.6700000000000159,0.15690440060697902,564.14,555.39,0.8660254037844387,-0.4999999999999998
2013-05-01,2013,5,553.8,1804.68,392.83,92.1,-5.170000000000073,-5.170000000000073,-32.95,-35.075000000000045,-0.6700000000000159,0.15690440060698246,558.97,564.14,0.49999999999999994,-0.8660254037844387
2013-06-01,2013,6,558.9,1798.18,395.33,77.47,5.100000000000023,5.100000000000023,-14.629999999999995,-6.5,2.5,-0.3485987696514029,553.8,558.97,1.2246467991473532e-16,-1.0
2013-07-01,2013,7,571.64,1814.05,402.78,96.2,12.740000000000009,12.740000000000009,18.730000000000004,15.86999999999989,7.449999999999989,0.6801922050186869,558.9,553.8,-0.4999999999999997,-0.8660254037844388
2013-08-01,2013,8,569.73,1824.59,402.98,112.86,-1.9099999999999682,-1.9099999999999682,16.659999999999997,10.539999999999964,0.20000000000004547,-0.11464585834333545,571.64,558.9,-0.8660254037844385,-0.5000000000000004
2013-09-01,2013,9,559.01,1815.42,394.58,110.35,-10.720000000000027,-10.720000000000027,-2.510000000000005,-9.169999999999845,-8.400000000000034,4.270916334661357,569.73,571.64,-1.0,-1.8369701987210297e-16
2013-10-01,2013,10,553.76,1839.89,391.78,109.21,-5.25,-5.25,-1.1400000000000006,24.470000000000027,-2.8000000000000114,4.6052631578947345,559.01,569.73,-0.8660254037844386,0.5000000000000001
2013-11-01,2013,11,551.43,1872.63,393.25,110.71,-2.330000000000041,-2.330000000000041,1.5,32.74000000000001,1.4700000000000273,-1.5533333333333605,553.76,559.01,-0.5000000000000004,0.8660254037844384
2013-12-01,2013,12,549.58,1864.37,392.54,119.32,-1.849999999999909,-1.849999999999909,8.61,-8.260000000000218,-0.7099999999999795,-0.21486643437861896,551.43,553.76,-2.4492935982947064e-16,1.0
2014-01-01,2014,1,555.88,1886.82,394.3,154.12,6.2999999999999545,6.2999999999999545,34.80000000000001,22.450000000000045,1.759999999999991,0.18103448275861933,549.58,551.43,0.49999999999999994,0.8660254037844387
2014-02-01,2014,2,562.08,1902.18,399.95,170.8,6.2000000000000455,6.2000000000000455,16.680000000000007,15.360000000000127,5.649999999999977,0.3717026378896908,555.88,549.58,0.8660254037844386,0.5000000000000001
2014-03-01,2014,3,559.2833333333334,1880.75,398.58,149.7266666666667,-2.7966666666666242,-2.7966666666666242,-21.073333333333323,-21.430000000000064,-1.3700000000000045,0.1327111673521018,562.08,555.88,1.0,6.123233995736766e-17
2014-04-01,2014,4,556.4866666666667,1859.3200000000002,397.21,128.65333333333334,-2.796666666666738,-2.796666666666738,-21.073333333333352,-21.429999999999836,-1.3700000000000045,0.13271116735210703,559.2833333333334,562.08,0.8660254037844387,-0.4999999999999998
2014-05-01,2014,5,553.69,1837.89,395.84,107.58,-2.7966666666666242,-2.7966666666666242,-21.073333333333338,-21.430000000000064,-1.3700000000000045,0.13271116735210173,556.4866666666667,559.2833333333334,0.49999999999999994,-0.8660254037844387
2014-06-01,2014,6,549.07,1833.36,395.6,98.46,-4.6200000000000045,-4.6200000000000045,-9.120000000000005,-4.5300000000002,-0.23999999999995225,0.5065789473684214,553.69,556.4866666666667,1.2246467991473532e-16,-1.0
2014-07-01,2014,7,548.34,1818.55,393.72,93.58,-0.7300000000000182,-0.7300000000000182,-4.8799999999999955,-14.809999999999945,-1.8799999999999955,0.1495901639344301,549.07,553.69,-0.4999999999999997,-0.8660254037844388
2014-08-01,2014,8,550.78,1825.63,392.53,102.35,2.439999999999941,2.439999999999941,8.769999999999996,7.080000000000155,-1.1900000000000546,0.2782212086658999,548.34,549.07,-0.8660254037844385,-0.5000000000000004
2014-09-01,2014,9,555.51,1848.76,393.65,122.16,4.730000000000018,4.730000000000018,19.810000000000002,23.12999999999988,1.1200000000000045,0.2387682988389711,550.78,548.34,-1.0,-1.8369701987210297e-16
2014-10-01,2014,10,558.47,1871.03,395.16,149.12,2.9600000000000364,2.9600000000000364,26.960000000000008,22.269999999999982,1.5100000000000477,0.10979228486647016,555.51,550.78,-0.8660254037844386,0.5000000000000001
2014-11-01,2014,11,551.87,1879.5,392.75,141.92,-6.600000000000023,-6.600000000000023,-7.200000000000017,8.470000000000027,-2.410000000000025,0.9166666666666676,558.47,555.51,-0.5000000000000004,0.8660254037844384
2014-12-01,2014,12,552.7,1890.5349999999999,395.3,156.045,0.8300000000000409,0.8300000000000409,14.125,11.034999999999854,2.5500000000000114,0.05876106194690555,551.87,558.47,-2.4492935982947064e-16,1.0
2015-01-01,2015,1,553.53,1901.57,397.85,170.17,0.8299999999999272,0.8299999999999272,14.125,11.035000000000082,2.5500000000000114,0.0587610619468975,552.7,551.87,0.49999999999999994,0.8660254037844387
2015-02-01,2015,2,560.68,1907.35,398.8,196.64,7.149999999999977,7.149999999999977,26.47,5.779999999999973,0.9499999999999886,0.2701171137136372,553.53,552.7,0.8660254037844386,0.5000000000000001
2015-03-01,2015,3,560.6,1886.17,398.34,167.68,-0.07999999999992724,-0.07999999999992724,-28.95999999999998,-21.179999999999836,-0.4600000000000364,0.002762430939224009,560.68,553.53,1.0,6.123233995736766e-17
2015-04-01,2015,4,557.51,1869.74,397.15,131.66,-3.090000000000032,-3.090000000000032,-36.02000000000001,-16.430000000000064,-1.1899999999999977,0.08578567462520907,560.6,560.68,0.8660254037844387,-0.4999999999999998
2015-05-01,2015,5,552.41,1869.35,395.82,118.01,-5.100000000000023,-5.100000000000023,-13.649999999999991,-0.39000000000010004,-1.329999999999984,0.3736263736263755,557.51,560.6,0.49999999999999994,-0.8660254037844387
2015-06-01,2015,6,546.76,1856.62,395.37,102.75,-5.649999999999977,-5.649999999999977,-15.260000000000005,-12.730000000000018,-0.44999999999998863,0.3702490170380062,552.41,557.51,1.2246467991473532e-16,-1.0
2015-07-01,2015,7,548.73,1843.26,394.97,126.46,1.9700000000000273,1.9700000000000273,23.709999999999994,-13.3599999999999,-0.39999999999997726,0.08308730493462792,546.76,552.41,-0.4999999999999997,-0.8660254037844388
2015-08-01,2015,8,558.47,1866.78,394.81,207.25,9.740000000000009,9.740000000000009,80.79,23.519999999999982,-0.160000000000025,0.1205594751825722,548.73,546.76,-0.8660254037844385,-0.5000000000000004
2015-09-01,2015,9,562.3466666666667,1868.0066666666667,396.44666666666666,196.57333333333332,3.876666666666665,3.876666666666665,-10.676666666666677,1.2266666666666879,1.636666666666656,-0.36309709647205696,558.47,548.73,-1.0,-1.8369701987210297e-16
2015-10-01,2015,10,566.2233333333334,1869.2333333333333,398.08333333333337,185.89666666666668,3.876666666666665,3.876666666666665,-10.676666666666648,1.2266666666666879,1.636666666666713,-0.36309709647205796,562.3466666666667,558.47,-0.8660254037844386,0.5000000000000001
2015-11-01,2015,11,570.1,1870.46,399.72,175.22,3.876666666666665,3.876666666666665,-10.676666666666677,1.2266666666666879,1.636666666666656,-0.36309709647205696,566.2233333333334,562.3466666666667,-0.5000000000000004,0.8660254037844384
2015-12-01,2015,12,555.91,1879.09,397.89,129.68,-14.190000000000055,-14.190000000000055,-45.53999999999999,8.629999999999882,-1.830000000000041,0.311594202898552,570.1,566.2233333333334,-2.4492935982947064e-16,1.0
2016-01-01,2016,1,555.29,1914.93,402.47,149.73,-0.6200000000000045,-0.6200000000000045,20.049999999999983,35.840000000000146,4.580000000000041,-0.03092269326683317,555.91,570.1,0.49999999999999994,0.8660254037844387
2016-02-01,2016,2,560.38,1917.11,402.0,176.69,5.090000000000032,5.090000000000032,26.960000000000008,2.1799999999998363,-0.4700000000000273,0.18879821958457085,555.29,555.91,0.8660254037844386,0.5000000000000001
2016-03-01,2016,3,564.35,1885.13,399.78,166.47,3.9700000000000273,3.9700000000000273,-10.219999999999999,-31.97999999999979,-2.2200000000000273,-0.3884540117416857,560.38,555.29,1.0,6.123233995736766e-17
2016-04-01,2016,4,565.96,1877.5,401.84,147.85,1.6100000000000136,1.6100000000000136,-18.620000000000005,-7.630000000000109,2.0600000000000023,-0.08646616541353455,564.35,560.38,0.8660254037844387,-0.4999999999999998
2016-05-01,2016,5,559.44,1870.23,402.32,127.7,-6.519999999999982,-6.519999999999982,-20.14999999999999,-7.269999999999982,0.4800000000000182,0.32357320099255504,565.96,564.35,0.49999999999999994,-0.8660254037844387
2016-06-01,2016,6,552.85,1842.8,399.06,96.18,-6.590000000000032,-6.590000000000032,-31.519999999999996,-27.430000000000064,-3.259999999999991,0.20907360406091474,559.44,565.96,1.2246467991473532e-16,-1.0
2016-07-01,2016,7,554.16,1834.71,397.39,86.95,1.3099999999999454,1.3099999999999454,-9.230000000000004,-8.089999999999918,-1.670000000000016,-0.14192849404116412,552.85,559.44,-0.4999999999999997,-0.8660254037844388
2016-08-01,2016,8,555.67,1840.61,396.42,91.4,1.509999999999991,1.509999999999991,4.450000000000003,5.899999999999864,-0.9699999999999704,0.33932584269662697,554.16,552.85,-0.8660254037844385,-0.5000000000000004
2016-09-01,2016,9,554.8,1835.84,396.26,84.93,-0.8700000000000045,-0.8700000000000045,-6.469999999999999,-4.769999999999982,-0.160000000000025,0.13446676970633767,555.67,554.16,-1.0,-1.8369701987210297e-16
2016-10-01,2016,10,556.67,1836.63,397.52,83.31,1.8700000000000045,1.8700000000000045,-1.6200000000000045,0.790000000000191,1.259999999999991,-1.1543209876543206,554.8,555.67,-0.8660254037844386,0.5000000000000001
2016-11-01,2016,11,560.0,1854.16,399.56,92.32,3.330000000000041,3.330000000000041,9.009999999999991,17.529999999999973,2.0400000000000205,0.369589345172036,556.67,554.8,-0.5000000000000004,0.8660254037844384
2016-12-01,2016,12,559.49,1885.03,398.63,104.01,-0.5099999999999909,-0.5099999999999909,11.690000000000012,30.86999999999989,-0.9300000000000068,-0.043627031650982924,560.0,556.67,-2.4492935982947064e-16,1.0
2017-01-01,2017,1,555.3,1900.79,396.98,117.09,-4.190000000000055,-4.190000000000055,13.079999999999998,15.759999999999991,-1.6499999999999773,-0.3203363914373131,559.49,560.0,0.49999999999999994,0.8660254037844387
2017-02-01,2017,2,554.58,1890.13,400.54,126.28,-0.7199999999999136,-0.7199999999999136,9.189999999999998,-10.659999999999854,3.5600000000000023,-0.07834602829161194,555.3,559.49,0.8660254037844386,0.5000000000000001
2017-03-01,2017,3,558.71,1880.12,402.47,122.21,4.1299999999999955,4.1299999999999955,-4.070000000000007,-10.010000000000218,1.9300000000000068,-1.0147420147420119,554.58,555.3,1.0,6.123233995736766e-17
2017-04-01,2017,4,559.68,1865.37,400.62,109.47,0.9699999999999136,0.9699999999999136,-12.739999999999995,-14.75,-1.8500000000000227,-0.07613814756671225,558.71,554.58,0.8660254037844387,-0.4999999999999998
2017-05-01,2017,5,553.95,1845.79,398.9,96.37,-5.7299999999999045,-5.7299999999999045,-13.099999999999994,-19.579999999999927,-1.7200000000000273,0.43740458015266465,559.68,558.71,0.49999999999999994,-0.8660254037844387
2017-06-01,2017,6,550.26,1849.82,398.94,89.92,-3.6900000000000546,-3.6900000000000546,-6.450000000000003,4.029999999999973,0.040000000000020464,0.5720930232558221,553.95,559.68,1.2246467991473532e-16,-1.0
2017-07-01,2017,7,550.37,1866.33,398.61,96.91,0.11000000000001364,0.11000000000001364,6.989999999999995,16.50999999999999,-0.3299999999999841,0.015736766809730147,550.26,553.95,-0.4999999999999997,-0.8660254037844388
2017-08-01,2017,8,549.3,1864.25,394.47,107.77,-1.07000000000005,-1.07000000000005,10.86,-2.0799999999999272,-4.139999999999986,-0.0985267034990838,550.37,550.26,-0.8660254037844385,-0.5000000000000004
2017-09-01,2017,9,551.43,1852.09,394.17,105.19,2.1299999999999955,2.1299999999999955,-2.5799999999999983,-12.160000000000082,-0.30000000000001137,-0.825581395348836,549.3,550.37,-1.0,-1.8369701987210297e-16
2017-10-01,2017,10,557.61,1848.04,396.38,97.46,6.180000000000064,6.180000000000064,-7.730000000000004,-4.0499999999999545,2.2099999999999795,-0.799482535575687,551.43,549.3,-0.8660254037844386,0.5000000000000001
2017-11-01,2017,11,557.27,1874.12,399.15,96.98,-0.34000000000003183,-0.34000000000003183,-0.47999999999998977,26.079999999999927,2.769999999999982,0.7083333333334147,557.61,551.43,-0.5000000000000004,0.8660254037844384
2017-12-01,2017,12,555.13,1903.2,402.0,115.19,-2.1399999999999864,-2.1399999999999864,18.209999999999994,29.080000000000155,2.8500000000000227,-0.11751784733662751,557.27,557.61,-2.4492935982947064e-16,1.0
2018-01-01,2018,1,561.79,1920.84,402.39,152.04,6.659999999999968,6.659999999999968,36.849999999999994,17.639999999999873,0.38999999999998636,0.18073270013568438,555.13,557.27,0.49999999999999994,0.8660254037844387
2018-02-01,2018,2,567.03,1931.35,403.16,161.39,5.240000000000009,5.240000000000009,9.349999999999994,10.509999999999991,0.7700000000000387,0.5604278074866323,561.79,555.13,0.8660254037844386,0.5000000000000001
2018-03-01,2018,3,564.16,1910.14,402.4,135.85,-2.8700000000000045,-2.8700000000000045,-25.539999999999992,-21.20999999999981,-0.7600000000000477,0.11237274862960084,567.03,561.79,1.0,6.123233995736766e-17
2018-04-01,2018,4,562.09,1895.82,400.95,121.62,-2.0699999999999363,-2.0699999999999363,-14.22999999999999,-14.320000000000164,-1.4499999999999886,0.14546732255797173,564.16,567.03,0.8660254037844387,-0.4999999999999998
2018-05-01,2018,5,559.46,1890.63,401.93,117.56,-2.6299999999999955,-2.6299999999999955,-4.060000000000002,-5.189999999999827,0.9800000000000182,0.6477832512315256,562.09,564.16,0.49999999999999994,-0.8660254037844387
2018-06-01,2018,6,552.55,1857.4,401.58,90.11,-6.910000000000082,-6.910000000000082,-27.450000000000003,-33.23000000000002,-0.35000000000002274,0.25173041894353665,559.46,562.09,1.2246467991473532e-16,-1.0
2018-07-01,2018,7,549.82,1843.92,401.17,71.54,-2.7299999999999045,-2.7299999999999045,-18.569999999999993,-13.480000000000018,-0.40999999999996817,0.147011308562192,552.55,559.46,-0.4999999999999997,-0.8660254037844388
2018-08-01,2018,8,555.43,1853.45,402.49,103.43,5.6099999999999,5.6099999999999,31.89,9.529999999999973,1.3199999999999932,0.17591721542803074,549.82,552.55,-0.8660254037844385,-0.5000000000000004
2018-09-01,2018,9,562.93,1882.01,402.78,156.18,7.5,7.5,52.75,28.559999999999945,0.2899999999999636,0.14218009478672985,555.43,549.82,-1.0,-1.8369701987210297e-16
2018-10-01,2018,10,565.06,1900.08,403.55,157.91,2.1299999999999955,2.1299999999999955,1.7299999999999898,18.069999999999936,0.7700000000000387,1.2312138728323745,562.93,555.43,-0.8660254037844386,0.5000000000000001
2018-11-01,2018,11,560.04,1904.24,403.23,117.21,-5.019999999999982,-5.019999999999982,-40.7,4.160000000000082,-0.3199999999999932,0.12334152334152289,565.06,562.93,-0.5000000000000004,0.8660254037844384
2018-12-01,2018,12,555.66,1912.11,402.94,100.84,-4.3799999999999955,-4.3799999999999955,-16.36999999999999,7.869999999999891,-0.29000000000002046,0.2675626145387904,560.04,565.06,-2.4492935982947064e-16,1.0
2019-01-01,2019,1,555.82,1912.33,405.56,123.08,0.16000000000008185,0.16000000000008185,22.239999999999995,0.22000000000002728,2.6200000000000045,0.007194244604320229,555.66,560.04,0.49999999999999994,0.8660254037844387
2019-02-01,2019,2,563.45,1911.8,407.23,142.48,7.6299999999999955,7.6299999999999955,19.39999999999999,-0.5299999999999727,1.670000000000016,0.3932989690721649,555.82,555.66,0.8660254037844386,0.5000000000000001
2019-03-01,2019,3,571.91,1902.56,407.09,137.79,8.459999999999923,8.459999999999923,-4.689999999999998,-9.240000000000009,-0.1400000000000432,-1.8038379530916688,563.45,555.82,1.0,6.123233995736766e-17
2019-04-01,2019,4,569.6,1895.07,406.04,133.22,-2.3099999999999454,-2.3099999999999454,-4.569999999999993,-7.490000000000009,-1.0499999999999545,0.5054704595185884,571.91,563.45,0.8660254037844387,-0.4999999999999998
2019-05-01,2019,5,558.58,1898.94,407.5,133.45,-11.019999999999982,-11.019999999999982,0.22999999999998977,3.8700000000001182,1.4599999999999795,-47.91304347826292,569.6,571.91,0.49999999999999994,-0.8660254037844387
2019-06-01,2019,6,553.38,1888.63,407.91,121.31,-5.2000000000000455,-5.2000000000000455,-12.139999999999986,-10.309999999999945,0.410000000000025,0.4283360790774342,558.58,569.6,1.2246467991473532e-16,-1.0
2019-07-01,2019,7,554.68,1878.74,405.11,117.89,1.2999999999999545,1.2999999999999545,-3.4200000000000017,-9.8900000000001,-2.8000000000000114,-0.380116959064314,553.38,558.58,-0.4999999999999997,-0.8660254037844388
2019-08-01,2019,8,562.47,1886.37,403.41,141.39,7.790000000000077,7.790000000000077,23.499999999999986,7.629999999999882,-1.6999999999999886,0.33148936170213117,554.68,553.38,-0.8660254037844385,-0.5000000000000004
2019-09-01,2019,9,575.71,1897.75,405.4,158.7,13.240000000000009,13.240000000000009,17.310000000000002,11.38000000000011,1.9899999999999523,0.764875794338533,562.47,554.68,-1.0,-1.8369701987210297e-16
2019-10-01,2019,10,580.98,1894.68,407.14,149.78,5.269999999999982,5.269999999999982,-8.919999999999987,-3.0699999999999363,1.740000000000009,-0.5908071748878911,575.71,562.47,-0.8660254037844386,0.5000000000000001
2019-11-01,2019,11,565.0,1904.03,407.01,132.2,-15.980000000000018,-15.980000000000018,-17.580000000000013,9.349999999999909,-0.12999999999999545,0.908987485779295,580.98,575.71,-0.5000000000000004,0.8660254037844384
2019-12-01,2019,12,551.14,1939.32,410.32,137.89,-13.860000000000014,-13.860000000000014,5.689999999999998,35.289999999999964,3.3100000000000023,-2.4358523725834833,565.0,580.98,-2.4492935982947064e-16,1.0
2020-01-01,2020,1,558.19,1964.27,413.82,165.75,7.050000000000068,7.050000000000068,27.860000000000014,24.950000000000045,3.5,0.2530509691313735,551.14,565.0,0.49999999999999994,0.8660254037844387
2020-02-01,2020,2,567.91,1951.36,412.18,169.8,9.719999999999914,9.719999999999914,4.050000000000011,-12.910000000000082,-1.6399999999999864,2.399999999999972,558.19,551.14,0.8660254037844386,0.5000000000000001
2020-03-01,2020,3,568.49,1916.52,408.03,141.75,0.5800000000000409,0.5800000000000409,-28.05000000000001,-34.83999999999992,-4.150000000000034,-0.020677361853833894,567.91,558.19,1.0,6.123233995736766e-17
2020-04-01,2020,4,564.85,1892.09,407.51,116.19,-3.6399999999999864,-3.6399999999999864,-25.560000000000002,-24.430000000000064,-0.5199999999999818,0.14241001564945172,568.49,567.91,0.8660254037844387,-0.4999999999999998
2020-05-01,2020,5,560.97,1880.26,409.4,105.83,-3.8799999999999955,-3.8799999999999955,-10.36,-11.829999999999927,1.8899999999999864,0.3745173745173741,564.85,568.49,0.49999999999999994,-0.8660254037844387
2020-06-01,2020,6,557.41,1890.87,407.98,100.01,-3.560000000000059,-3.560000000000059,-5.819999999999993,10.6099999999999,-1.419999999999959,0.6116838487972618,560.97,564.85,1.2246467991473532e-16,-1.0
2020-07-01,2020,7,557.15,1899.28,406.08,107.4,-0.2599999999999909,-0.2599999999999909,7.390000000000001,8.410000000000082,-1.900000000000034,-0.03518267929634518,557.41,560.97,-0.4999999999999997,-0.8660254037844388
2020-08-01,2020,8,558.11,1885.4,404.99,119.17,0.9600000000000364,0.9600000000000364,11.769999999999996,-13.879999999999882,-1.089999999999975,0.08156329651657067,557.15,557.41,-0.8660254037844385,-0.5000000000000004
2020-09-01,2020,9,560.78,1879.25,405.85,114.41,2.669999999999959,2.669999999999959,-4.760000000000005,-6.150000000000091,0.8600000000000136,-0.56092436974789,558.11,557.15,-1.0,-1.8369701987210297e-16
2020-10-01,2020,10,565.42,1891.03,406.29,107.78,4.639999999999986,4.639999999999986,-6.6299999999999955,11.779999999999973,0.4399999999999977,-0.6998491704374041,560.78,558.11,-0.8660254037844386,0.5000000000000001
2020-11-01,2020,11,564.93,1920.52,406.14,109.84,-0.4900000000000091,-0.4900000000000091,2.0600000000000023,29.49000000000001,-0.1500000000000341,-0.23786407766990705,565.42,560.78,-0.5000000000000004,0.8660254037844384
2020-12-01,2020,12,559.37,1943.47,409.91,125.71,-5.559999999999945,-5.559999999999945,15.86999999999999,22.950000000000045,3.7700000000000387,-0.3503465658475078,564.93,565.42,-2.4492935982947064e-16,1.0
2021-01-01,2021,1,560.56,1964.34,411.56,160.93,1.1899999999999409,1.1899999999999409,35.22000000000001,20.86999999999989,1.6499999999999773,0.033787620670072134,559.37,564.93,0.49999999999999994,0.8660254037844387
2021-02-01,2021,2,568.21,1966.88,413.08,177.27,7.650000000000091,7.650000000000091,16.340000000000003,2.540000000000191,1.5199999999999818,0.46817625458996875,560.56,559.37,0.8660254037844386,0.5000000000000001
2021-03-01,2021,3,572.88,1937.87,413.51,152.2,4.669999999999959,4.669999999999959,-25.07000000000002,-29.01000000000022,0.4300000000000068,-0.1862784204228143,568.21,560.56,1.0,6.123233995736766e-17
2021-04-01,2021,4,569.77,1916.14,410.32,125.3,-3.1100000000000136,-3.1100000000000136,-26.89999999999999,-21.72999999999979,-3.1899999999999977,0.1156133828996288,572.88,568.21,0.8660254037844387,-0.4999999999999998
2021-05-01,2021,5,563.2,1920.11,408.17,111.87,-6.569999999999936,-6.569999999999936,-13.429999999999993,3.9699999999998,-2.1499999999999773,0.4892032762472033,569.77,572.88,0.49999999999999994,-0.8660254037844387
2021-06-01,2021,6,557.73,1898.82,407.39,91.76,-5.470000000000027,-5.470000000000027,-20.11,-21.289999999999964,-0.7800000000000296,0.2720039781203395,563.2,569.77,1.2246467991473532e-16,-1.0
2021-07-01,2021,7,555.7,1886.69,408.71,88.9,-2.0299999999999727,-2.0299999999999727,-2.8599999999999994,-12.129999999999882,1.3199999999999932,0.7097902097902004,557.73,563.2,-0.4999999999999997,-0.8660254037844388
2021-08-01,2021,8,556.02,1898.67,407.62,99.34,0.31999999999993634,0.31999999999993634,10.439999999999998,11.980000000000018,-1.089999999999975,0.030651340996162492,555.7,557.73,-0.8660254037844385,-0.5000000000000004
2021-09-01,2021,9,562.18,1897.86,406.33,97.82,6.159999999999968,6.159999999999968,-1.5200000000000102,-0.8100000000001728,-1.2900000000000205,-4.05263157894732,556.02,555.7,-1.0,-1.8369701987210297e-16
2021-10-01,2021,10,569.13,1904.62,408.47,95.69,6.9500000000000455,6.9500000000000455,-2.1299999999999955,6.759999999999991,2.140000000000043,-3.262910798122094,562.18,556.02,-0.8660254037844386,0.5000000000000001
2021-11-01,2021,11,567.71,1917.92,410.23,103.12,-1.419999999999959,-1.419999999999959,7.430000000000007,13.300000000000182,1.759999999999991,-0.19111709286675072,569.13,562.18,-0.5000000000000004,0.8660254037844384
2021-12-01,2021,12,562.34,1946.91,413.61,117.54,-5.3700000000000045,-5.3700000000000045,14.420000000000002,28.99000000000001,3.3799999999999955,-0.3723994452149795,567.71,569.13,-2.4492935982947064e-16,1.0
2022-01-01,2022,1,562.77,1974.69,414.0,136.86,0.42999999999995,0.42999999999995,19.320000000000007,27.779999999999973,0.38999999999998636,0.022256728778465313,562.34,567.71,0.49999999999999994,0.8660254037844387
2022-02-01,2022,2,567.28,1963.95,411.33,142.89,4.509999999999991,4.509999999999991,6.029999999999973,-10.740000000000009,-2.670000000000016,0.747927031509123,562.77,562.34,0.8660254037844386,0.5000000000000001
2022-03-01,2022,3,575.05,1937.6,411.84,129.76,7.769999999999982,7.769999999999982,-13.129999999999995,-26.350000000000136,0.5099999999999909,-0.5917745620715906,567.28,562.77,1.0,6.123233995736766e-17
2022-04-01,2022,4,578.38,1925.96,414.83,117.9,3.330000000000041,3.330000000000041,-11.859999999999985,-11.639999999999873,2.990000000000009,-0.28077571669477613,575.05,567.28,0.8660254037844387,-0.4999999999999998
2022-05-01,2022,5,568.35,1921.3,414.14,107.34,-10.029999999999973,-10.029999999999973,-10.560000000000002,-4.660000000000082,-0.6899999999999977,0.9498106060606033,578.38,575.05,0.49999999999999994,-0.8660254037844387
2022-06-01,2022,6,558.43,1905.68,411.51,86.66,-9.920000000000073,-9.920000000000073,-20.680000000000007,-15.61999999999989,-2.6299999999999955,0.4796905222437171,568.35,578.38,1.2246467991473532e-16,-1.0
2022-07-01,2022,7,558.45,1902.9,410.31,81.51,0.020000000000095497,0.020000000000095497,-5.1499999999999915,-2.7799999999999727,-1.1999999999999886,-0.0038834951456496176,558.43,568.35,-0.4999999999999997,-0.8660254037844388
2022-08-01,2022,8,558.9,1905.85,408.52,90.79,0.4499999999999318,0.4499999999999318,9.280000000000001,2.949999999999818,-1.7900000000000205,0.04849137931033747,558.45,558.43,-0.8660254037844385,-0.5000000000000004
2022-09-01,2022,9,559.6,1903.75,410.01,88.36,0.7000000000000455,0.7000000000000455,-2.430000000000007,-2.099999999999909,1.490000000000009,-0.2880658436214171,558.9,558.45,-1.0,-1.8369701987210297e-16
2022-10-01,2022,10,566.14,1920.03,410.5,89.94,6.539999999999964,6.539999999999964,1.5799999999999983,16.279999999999973,0.4900000000000091,4.139240506329095,559.6,558.9,-0.8660254037844386,0.5000000000000001
2022-11-01,2022,11,571.34,1946.62,410.21,105.47,5.2000000000000455,5.2000000000000455,15.530000000000001,26.589999999999918,-0.29000000000002046,0.3348358016741819,566.14,559.6,-0.5000000000000004,0.8660254037844384
2022-12-01,2022,12,565.86,1978.53,413.31,116.39,-5.480000000000018,-5.480000000000018,10.920000000000002,31.910000000000082,3.1000000000000227,-0.5018315018315034,571.34,566.14,-2.4492935982947064e-16,1.0
2023-01-01,2023,1,558.32,1985.6,414.17,128.17,-7.539999999999964,-7.539999999999964,11.779999999999987,7.069999999999936,0.8600000000000136,-0.6400679117147684,565.86,571.34,0.49999999999999994,0.8660254037844387
2023-02-01,2023,2,561.31,1989.11,418.22,149.14,2.9899999999998954,2.9899999999998954,20.97,3.509999999999991,4.050000000000011,0.1425846447305625,558.32,565.86,0.8660254037844386,0.5000000000000001
2023-03-01,2023,3,570.28,1995.84,422.46,159.92,8.970000000000027,8.970000000000027,10.780000000000001,6.730000000000018,4.239999999999952,0.8320964749536203,561.31,558.32,1.0,6.123233995736766e-17
2023-04-01,2023,4,567.635,1981.3625,420.1475,145.21499999999997,-2.644999999999982,-2.644999999999982,-14.705000000000013,-14.477499999999964,-2.3125,0.17987079224753347,570.28,561.31,0.8660254037844387,-0.4999999999999998
2023-05-01,2023,5,564.99,1966.885,417.835,130.51,-2.644999999999982,-2.644999999999982,-14.704999999999984,-14.477499999999964,-2.3125,0.1798707922475338,567.635,570.28,0.49999999999999994,-0.8660254037844387
2023-06-01,2023,6,562.345,1952.4075,415.5225,115.80499999999999,-2.644999999999982,-2.644999999999982,-14.704999999999998,-14.477499999999964,-2.3125,0.17987079224753363,564.99,567.635,1.2246467991473532e-16,-1.0
2023-07-01,2023,7,559.7,1937.93,413.21,101.1,-2.644999999999982,-2.644999999999982,-14.704999999999998,-14.477499999999964,-2.3125,0.17987079224753363,562.345,564.99,-0.4999999999999997,-0.8660254037844388
2023-08-01,2023,8,567.24,1953.04,412.42,142.65,7.539999999999964,7.539999999999964,41.55000000000001,15.1099999999999,-0.7899999999999636,0.18146811070998703,559.7,562.345,-0.8660254037844385,-0.5000000000000004
2023-09-01,2023,9,581.59,1958.2,413.4,193.99,14.350000000000023,14.350000000000023,51.34,5.160000000000082,0.9799999999999613,0.27950915465524,567.24,559.7,-1.0,-1.8369701987210297e-16
2023-10-01,2023,10,591.15,1954.02,417.93,205.45,9.559999999999945,9.559999999999945,11.45999999999998,-4.180000000000064,4.53000000000003,0.8342059336823702,581.59,567.24,-0.8660254037844386,0.5000000000000001
2023-11-01,2023,11,585.17,1944.39,418.22,168.12,-5.980000000000018,-5.980000000000018,-37.329999999999984,-9.629999999999882,0.29000000000002046,0.16019287436378304,591.15,581.59,-0.5000000000000004,0.8660254037844384
2023-12-01,2023,12,571.27,1968.33,415.69,130.16,-13.899999999999977,-13.899999999999977,-37.96000000000001,23.939999999999827,-2.5300000000000296,0.3661749209694408,585.17,591.15,-2.4492935982947064e-16,1.0
2024-01-01,2024,1,562.26,2008.03,419.74,133.33,-9.009999999999991,-9.009999999999991,3.170000000000016,39.700000000000045,4.050000000000011,-2.842271293375377,571.27,585.17,0.49999999999999994,0.8660254037844387
2024-02-01,2024,2,565.5,1994.61,422.15,139.89,3.240000000000009,3.240000000000009,6.559999999999974,-13.420000000000073,2.409999999999968,0.4939024390243936,562.26,571.27,0.8660254037844386,0.5000000000000001
2024-03-01,2024,3,574.15,1975.78,420.75,133.97,8.649999999999977,8.649999999999977,-5.9199999999999875,-18.829999999999927,-1.3999999999999773,-1.4611486486486478,565.5,562.26,1.0,6.123233995736766e-17
2024-04-01,2024,4,577.66,1978.91,421.22,132.06,3.509999999999991,3.509999999999991,-1.9099999999999966,3.130000000000109,0.4700000000000273,-1.8376963350785325,574.15,565.5,0.8660254037844387,-0.4999999999999998
2024-05-01,2024,5,571.59,1962.31,418.71,120.26,-6.069999999999936,-6.069999999999936,-11.799999999999997,-16.600000000000136,-2.5100000000000477,0.5144067796610117,577.66,574.15,0.49999999999999994,-0.8660254037844387
2024-06-01,2024,6,569.13,1955.47,415.65,103.73,-2.4600000000000364,-2.4600000000000364,-16.53,-6.839999999999918,-3.0600000000000023,0.14882032667876807,571.59,577.66,1.2246467991473532e-16,-1.0
2024-07-01,2024,7,572.69,1952.4,418.67,116.9,3.560000000000059,3.560000000000059,13.170000000000002,-3.0699999999999363,3.0200000000000387,0.2703113135915003,569.13,571.59,-0.4999999999999997,-0.8660254037844388
2024-08-01,2024,8,572.11,1936.52,421.12,129.07,-0.5800000000000409,-0.5800000000000409,12.169999999999987,-15.88000000000011,2.4499999999999886,-0.047658175842238415,572.69,569.13,-0.8660254037844385,-0.5000000000000004
2024-09-01,2024,9,572.48,1931.4,420.13,117.21,0.37000000000000455,0.37000000000000455,-11.86,-5.119999999999891,-0.9900000000000091,-0.03119730185497509,572.11,572.69,-1.0,-1.8369701987210297e-16
2024-10-01,2024,10,580.64,1933.61,420.46,108.37,8.159999999999968,8.159999999999968,-8.83999999999999,2.209999999999809,0.3299999999999841,-0.9230769230769206,572.48,572.11,-0.8660254037844386,0.5000000000000001
2024-11-01,2024,11,584.17,1948.38,420.4,107.2,3.5299999999999727,3.5299999999999727,-1.1700000000000017,14.77000000000021,-0.060000000000002274,-3.0170940170939895,580.64,572.48,-0.5000000000000004,0.8660254037844384
2024-12-01,2024,12,577.98,1975.55,421.01,114.19,-6.189999999999941,-6.189999999999941,6.989999999999995,27.169999999999845,0.6100000000000136,-0.8855507868383327,584.17,580.64,-2.4492935982947064e-16,1.0
